VIS_AREA_SQM,SWIR_AREA_SQM,VIS_PATCHES,SWIR_PATCHES,ENTITY_ID,SHAPE,VIS_CLOUDS,VIS_SHADOW,VIS_SHADOW_AREA,VIS_TRACKS,SWIR_SHADOW,SWIR_SHADOW_AREA,SWIR_NOISE,SWIR_CLOUDS,SWIR_TRACKS,SLC_ERR_AREA,SLC_ERR,,,,,,,
162757.88,74088.17242,1,2,S2A_MSIL2A_20161006T205512_N0500_R028_T58CEC_20230928T020259_clip,multicluster,0,0,0,0,1,1962430.728,0,0,0,0,0,,,,,,,
250975.475,127017.422,2,2,S2A_MSIL2A_20161029T210512_N0500_R071_T58CEC_20230928T113316_clip,single-cluster,0,0,0,0,1,132432.3054,0,0,0,0,0,,,,,,,
446650.6911,347155.4661,2,2,S2A_MSIL2A_20161105T205512_N0500_R028_T58CEC_20230926T202813_clip,diffuse,0,1,52739.18153,1,1,109372.6341,0,0,1,0,0,,,,,,,
1233852.877,1332630.399,3,1,S2A_MSIL2A_20161118T210532_N0500_R071_T58CEC_20230921T143636_clip,diffuse,0,1,80383.42992,1,1,89709.77743,0,0,1,0,0,,,,,,,
2335085.76,3208120.499,1,1,S2A_MSIL2A_20161128T210522_N0500_R071_T58CEC_20230924T173248_clip,diffuse,1,1,33925.05251,1,1,66231.1043,0,1,1,0,0,,,,,,,
649813.1293,1808759.73,3,1,S2A_MSIL2A_20161204T212512_N0500_R014_T58CEC_20230920T075558_clip,diffuse,1,1,56919.07307,1,1,62924.05505,0,1,1,0,0,,,,,,,
169486.0427,0,1,,S2A_MSIL2A_20161208T210512_N0500_R071_T58CEC_20230921T005659_clip,diffuse,1,1,38393.41223,0,1,31514.40092,0,1,0,0,0,,,,,,,
5381459.647,1458733.501,1,2,S2A_MSIL2A_20161215T205512_N0500_R028_T58CEC_20230920T205155_clip,diffuse,0,1,36787.92513,1,1,62953.98464,1,0,1,0,0,,,,,,,
1234395.24,0,2,,S2A_MSIL2A_20161221T211512_N0500_R114_T58CEC_20230918T121848_clip,diffuse,0,0,0,1,0,0,1,1,0,0,0,,,,,,,
1342023.671,675810.1569,2,2,S2A_MSIL2A_20161228T210512_N0500_R071_T58CEC_20231005T081755_clip,diffuse,0,0,0,1,0,0,1,0,1,0,0,,,,,,,
443872.4704,0,1,,S2A_MSIL2A_20170106T213401_N0500_R057_T58CEC_20230920T011136_clip,diffuse,0,0,0,1,0,0,1,0,0,0,0,,,,,,,
0,0,,,S2A_MSIL2A_20170123T212511_N0500_R014_T58CEC_20230917T061405_clip,no guano,0,0,0,0,0,0,0,0,0,0,0,,,,,,,
0,0,,,S2A_MSIL2A_20170209T211501_N0500_R114_T58CEC_20230919T215923_clip,no guano,0,0,0,0,0,0,0,0,0,0,0,,,,,,,
154096.8043,183394.3744,3,3,S2A_MSIL2A_20171014T210531_N0500_R071_T58CEC_20230727T233803_clip,multicluster,0,1,214685.0907,0,1,456330.2352,1,0,0,0,0,,,,,,,
62784.92388,0,2,,S2A_MSIL2A_20180112T210521_N0500_R071_T58CEC_20230818T084028_clip,diffuse,0,0,0,0,0,0,1,0,0,0,0,,,,,,,
0,0,,,S2A_MSIL2A_20180201T210521_N0500_R071_T58CEC_20230716T152209_clip,no guano,0,0,0,0,0,0,1,0,0,0,0,,,,,,,
0,0,,,S2A_MSIL2A_20180211T210521_N0500_R071_T58CEC_20230809T102154_clip,no guano,0,0,0,0,0,0,1,0,0,0,0,,,,,,,
150875.0036,199708.6464,4,1,S2B_MSIL2A_20171012T211449_N0500_R114_T58CEC_20230722T080347_clip,multicluster,0,1,41381.70521,0,1,957956.7794,1,0,1,0,0,,,,,,,
112837.0751,0,1,,S2B_MSIL2A_20180924T210519_N0500_R071_T58CEC_20230624T165917_clip,multicluster,0,0,0,0,1,2000176.477,1,0,0,0,0,,,,,,,
252149.6594,290338.8544,1,1,S2B_MSIL2A_20181017T211529_N0500_R114_T58CEC_20230620T131214_clip,multicluster,0,1,54297.61372,1,1,555766.6967,0,1,1,0,0,,,,,,,
210205.5294,157639.383,2,2,S2B_MSIL2A_20181024T210529_N0500_R071_T58CEC_20230621T185513_clip,diffuse,0,1,60217.79843,1,1,161717.0321,1,0,1,0,0,,,,,,,
1460636.555,1140293.819,1,1,S2B_MSIL2A_20181123T210519_N0500_R071_T58CEC_20230618T055518_clip,diffuse,0,1,36126.31346,1,1,54873.3658,0,0,0,0,0,,,,,,,
2501321.381,2271613.372,1,1,S2B_MSIL2A_20181202T213359_N0500_R057_T58CEC_20230621T110519_clip,diffuse,0,1,38779.09662,1,1,45790.14404,1,0,1,0,0,,,,,,,
1579766.103,0,5,,S2B_MSIL2A_20181213T210519_N0500_R071_T58CEC_20230616T160637_clip,diffuse,0,1,32780.52542,1,1,39490.26527,1,0,0,0,0,,,,,,,
1194388.549,314405.2861,1,1,S2B_MSIL2A_20190102T210529_N9999_R071_T58CEC_20230422T161414_clip,diffuse,0,1,11324.00974,1,1,46792.73624,1,0,1,0,0,,,,,,,
821600.4428,278893.2888,1,2,S2B_MSIL2A_20190112T210529_N9999_R071_T58CEC_20230423T064726_clip,diffuse,0,0,0,1,0,0,1,0,1,0,0,,,,,,,
0,0,,,S2B_MSIL2A_20190210T213409_N0500_R057_T58CEC_20221125T023506_clip,no guano,0,0,0,0,0,0,0,0,0,0,0,,,,,,,
0,0,,,S2B_MSIL2A_20190220T213409_N0500_R057_T58CEC_20221125T040323_clip,no guano,0,0,0,0,0,0,0,0,0,0,0,,,,,,,
64409.5301,0,1,,S2B_MSIL2A_20190919T210529_N0500_R071_T58CEC_20230502T170551_clip,single-cluster,0,0,0,0,1,2850558.857,1,0,0,0,0,,,,,,,
146756.7292,0,1,,S2B_MSIL2A_20190929T210529_N0500_R071_T58CEC_20230521T072605_clip,single-cluster,0,0,0,0,1,550798.6084,0,1,0,0,0,,,,,,,
222375.2153,276222.1803,1,1,S2B_MSIL2A_20191008T213529_N0500_R057_T58CEC_20230527T164425_clip,multicluster,0,0,0,0,1,339236.1466,1,0,0,0,0,,,,,,,
199178.9922,160431.4618,1,1,S2B_MSIL2A_20191019T210529_N0500_R071_T58CEC_20230703T132544_clip,multicluster,0,0,0,0,1,316341.1227,1,1,0,0,0,,,,,,,
431302.4829,487417.1209,2,1,S2B_MSIL2A_20191108T210529_N0500_R071_T58CEC_20230525T193244_clip,diffuse,1,1,1475982.094,1,0,0,0,1,1,0,0,,,,,,,
1295951.671,1040526.707,1,1,S2B_MSIL2A_20191118T210529_N0500_R071_T58CEC_20230526T211133_clip,diffuse,1,0,0,1,1,23164.41924,0,1,1,0,0,,,,,,,
2271516.311,1689886.238,1,1,S2B_MSIL2A_20191127T213359_N0500_R057_T58CEC_20230615T154638_clip,diffuse,0,0,0,1,1,38173.42812,1,0,1,0,0,,,,,,,
481599.2174,0,3,,S2B_MSIL2A_20191208T210519_N0500_R071_T58CEC_20230526T213549_clip,diffuse,0,1,29792.71905,1,1,48064.68802,0,0,0,0,0,,,,,,,
198808.8681,0,7,,S2B_MSIL2A_20191217T213359_N0500_R057_T58CEC_20230606T235245_clip,diffuse,0,1,18588.9686,1,1,40642.5088,1,0,0,0,0,,,,,,,
100186.6866,0,3,,S2B_MSIL2A_20200117T210519_N0500_R071_T58CEC_20230423T160125_clip,diffuse,0,0,0,0,0,0,1,0,0,0,0,,,,,,,
0,0,,,S2B_MSIL2A_20200126T213359_N0500_R057_T58CEC_20230423T220236_clip,no guano,0,0,0,0,0,0,0,0,0,0,0,,,,,,,
0,0,,,S2B_MSIL2A_20200205T213359_N0500_R057_T58CEC_20230506T145155_clip,no guano,0,0,0,0,0,0,1,0,0,0,0,,,,,,,
219565.2643,247101.6133,1,1,S2B_MSIL2A_20201013T210529_N0500_R071_T58CEC_20230324T083038_clip,multicluster,0,1,60809.67103,0,1,360606.7438,0,0,1,0,0,,,,,,,
302112.8698,259748.3267,1,1,S2B_MSIL2A_20201022T213409_N0500_R057_T58CEC_20230306T081429_clip,single-cluster,1,1,49471.77784,1,1,210844.1808,0,1,0,0,0,,,,,,,
886521.9003,678326.9213,1,3,S2B_MSIL2A_20201112T210529_N0500_R071_T58CEC_20230318T033041_clip,diffuse,0,1,42779.83476,1,1,55905.86689,1,0,1,0,0,,,,,,,
1352410.268,1635796.434,1,1,S2B_MSIL2A_20201121T213409_N0500_R057_T58CEC_20230301T093059_clip,diffuse,0,1,41155.34587,1,1,52868.16015,0,0,1,0,0,,,,,,,
1442080.288,891438.6975,5,1,S2B_MSIL2A_20201202T210529_N0500_R071_T58CEC_20230301T223401_clip,diffuse,0,1,35040.15426,1,1,61921.45564,1,0,1,0,0,,,,,,,
1158273.348,,1,,S2B_MSIL2A_20201211T213409_N0500_R057_T58CEC_20230224T224640_clip,diffuse,1,1,61633.36881,0,1,78247.02846,0,1,0,0,0,,,,,,,
1280367.09,,1,,S2B_MSIL2A_20201222T210519_N0500_R071_T58CEC_20230301T213648_clip,diffuse,1,1,52604.34245,1,0,28192.3751,0,1,0,0,0,,,,,,,
939241.6491,3727141.42,1,4,S2B_MSIL2A_20210101T210529_N0500_R071_T58CEC_20230302T180322_clip,diffuse,0,0,0,1,0,0,1,0,1,0,0,,,,,,,
,,,,S2B_MSIL2A_20210110T213409_N0500_R057_T58CEC_20230602T055721_clip,no guano,0,0,0,0,0,0,0,0,0,0,0,,,,,,,
175654.8894,90947.12723,1,1,S2B_MSIL2A_20211008T210529_N0301_R071_T58CEC_20211008T222509_clip,multicluster,0,1,182381.1861,0,1,423903.0792,1,0,0,0,0,,,,,,,
227287.2633,263149.0632,1,1,S2B_MSIL2A_20211017T213409_N0500_R057_T58CEC_20230104T053110_clip,single-cluster,0,1,44521.95618,0,1,157631.837,1,0,1,0,0,,,,,,,
154953.7882,191586.5286,1,4,S2B_MSIL2A_20211027T213409_N0500_R057_T58CEC_20230105T010220_clip,multicluster,0,1,30453.54532,0,1,87839.28445,1,0,1,0,0,,,,,,,
595101.9127,556504.7755,1,1,S2B_MSIL2A_20211106T213409_N0301_R057_T58CEC_20211106T230619_clip,diffuse,0,1,71909.52215,1,1,70002.06195,0,0,1,0,0,,,,,,,
1717707.93,800080.9045,1,2,S2B_MSIL2A_20211117T210529_N0500_R071_T58CEC_20221231T043011_clip,diffuse,1,1,73731.0391,1,1,100783.2312,0,1,1,0,0,,,,,,,
3485034.225,3175346.895,1,3,S2B_MSIL2A_20211207T210519_N0301_R071_T58CEC_20211207T222420_clip,diffuse,0,1,56519.09355,1,1,73264.23602,1,0,1,0,0,,,,,,,
3859926.103,416325.8998,1,1,S2B_MSIL2A_20211217T210519_N0301_R071_T58CEC_20211217T221059_clip,diffuse,0,1,59244.91433,1,1,61996.26706,0,0,1,0,0,,,,,,,
4083016.002,229273.2172,1,1,S2B_MSIL2A_20211226T213359_N0301_R057_T58CEC_20211226T225911_clip,diffuse,0,1,43626.2774,1,1,42378.32262,1,0,1,0,0,,,,,,,
,,,,S2B_MSIL2A_20220105T213359_N0301_R057_T58CEC_20220105T225816_clip,no guano,0,0,0,0,0,0,0,0,0,0,0,,,,,,,
,,,,S2B_MSIL2A_20220116T210519_N0500_R071_T58CEC_20230207T124710_clip,no guano,0,0,0,0,0,0,0,0,0,0,0,,,,,,,
253308.8168,,1,,S2B_MSIL2A_20220919T212429_N0400_R014_T58CEC_20220919T235921_clip,multicluster,0,1,59214.77149,0,1,4111409.151,1,0,0,0,0,,,,,,,
304369.9722,,1,,S2B_MSIL2A_20220929T212429_N0400_R014_T58CEC_20220930T001204_clip,single-cluster,1,1,1186143.937,0,0,0,0,1,0,0,0,,,,,,,
253332.427,148833.3827,1,1,S2B_MSIL2A_20221009T212429_N0400_R014_T58CEC_20221009T230657_clip,multicluster,0,1,70974.77747,0,1,356040.8106,1,1,1,0,0,,,,,,,
326643.1187,276567.6371,1,1,S2B_MSIL2A_20221013T210529_N0400_R071_T58CEC_20221013T234652_clip,diffuse,0,1,46087.00577,0,1,277643.931,1,0,1,0,0,,,,,,,
530916.0571,409722.8773,1,2,S2B_MSIL2A_20221102T210529_N0400_R071_T58CEC_20221103T074900_clip,diffuse,0,1,31531.92669,1,1,77828.26651,0,0,1,0,0,,,,,,,
663252.0604,540192.3868,1,2,S2B_MSIL2A_20221112T210529_N0400_R071_T58CEC_20221113T185446_clip,diffuse,0,1,27774.97333,1,1,59482.30763,1,0,1,0,0,,,,,,,
1083019.53,838969.1341,1,3,S2B_MSIL2A_20221122T210529_N0400_R071_T58CEC_20221122T220839_clip,diffuse,0,1,18204.44443,1,0,0,1,0,1,0,0,,,,,,,
1477133.906,1029802.413,1,4,S2B_MSIL2A_20221128T212429_N0400_R014_T58CEC_20221128T222553_clip,diffuse,0,1,41659.80868,1,1,38697.16027,1,0,1,0,0,,,,,,,
1817854.064,2145210.236,3,2,S2B_MSIL2A_20221218T212429_N0509_R014_T58CEC_20221218T222509_clip,diffuse,0,1,28789.16336,1,1,39999.04474,1,0,1,0,0,,,,,,,
1953107.124,2366745.065,3,1,S2B_MSIL2A_20221222T210529_N0509_R071_T58CEC_20221222T220639_clip,diffuse,1,1,28988.493,1,1,40388.09468,0,1,1,0,0,,,,,,,
1552862.2,572916.8793,3,2,S2B_MSIL2A_20230101T210529_N0509_R071_T58CEC_20230101T220357_clip,diffuse,0,1,29581.12207,1,1,47136.91026,1,0,1,0,0,,,,,,,
878349.5758,1069969.006,2,3,S2B_MSIL2A_20230111T210519_N0509_R071_T58CEC_20230111T220439_clip,diffuse,0,0,0,0,0,0,1,0,1,0,0,,,,,,,
,,,,S2B_MSIL2A_20230121T210529_N0509_R071_T58CEC_20230121T220731_clip,no guano,1,0,0,0,0,0,1,0,0,0,0,,,,,,,
,,,,S2B_MSIL2A_20230213T211459_N0509_R114_T58CEC_20230213T223135_clip,no guano,0,0,0,0,0,0,0,0,0,0,0,,,,,,,
107102.6383,76904.18565,1,1,S2B_MSIL2A_20231004T212429_N0509_R014_T58CEC_20231004T230150_clip,single-cluster,0,0,0,0,1,64285.75724,1,1,0,0,0,,,,,,,
128609.233,68629.05233,1,2,S2B_MSIL2A_20231008T210529_N0509_R071_T58CEC_20231008T224907_clip,single-cluster,0,0,0,0,1,58180.40695,1,0,0,0,0,,,,,,,
134403.3625,84594.5777,1,1,S2B_MSIL2A_20231014T212429_N0509_R014_T58CEC_20231014T225417_clip,multicluster,0,1,55983.84642,0,1,181155.4265,1,0,0,0,0,,,,,,,
42538.78834,30302.46127,2,2,S2B_MSIL2A_20231024T212429_N0509_R014_T58CEC_20231024T223308_clip,multicluster,0,1,40592.69234,0,1,111407.7324,1,0,0,0,0,,,,,,,
63669.04632,137634.6806,2,1,S2B_MSIL2A_20231028T210529_N0509_R071_T58CEC_20231028T222032_clip,multicluster,0,1,35830.36932,0,1,89814.52044,0,0,1,0,0,,,,,,,
124683.2197,139844.719,2,1,S2B_MSIL2A_20231107T210529_N0509_R071_T58CEC_20231107T220915_clip,single-cluster,0,1,15216.5247,1,1,92135.46186,0,0,1,0,0,,,,,,,
230877.3533,244287.0179,1,2,S2B_MSIL2A_20231117T210529_N0509_R071_T58CEC_20231117T220718_clip,diffuse,0,0,0,0,1,49426.74155,0,0,0,0,0,,,,,,,
759154.2894,569685.5361,1,2,S2B_MSIL2A_20231127T210519_N0509_R071_T58CEC_20231127T220506_clip,diffuse,0,0,0,1,1,45728.42094,0,0,1,0,0,,,,,,,
1904636.982,971034.178,1,1,S2B_MSIL2A_20231207T210519_N0509_R071_T58CEC_20231207T220828_clip,diffuse,0,0,0,1,1,37008.58093,1,0,1,0,0,,,,,,,
2544602.236,1525596.524,1,1,S2B_MSIL2A_20231213T212429_N0510_R014_T58CEC_20231213T225720_clip,diffuse,1,0,0,1,1,39875.58642,0,1,1,0,0,,,,,,,
0,0,,,S2B_MSIL2A_20231227T210529_N0510_R071_T58CEC_20231227T221405_clip,no guano,0,1,27314.62288,0,0,48849.95738,0,0,0,0,0,,,,,,,
,167861.2321,,3,S2B_MSIL2A_20240112T212429_N0510_R014_T58CEC_20240112T232931_clip,diffuse,1,0,0,0,1,0,1,0,0,0,0,,,,,,,
,,,,S2B_MSIL2A_20240201T212419_N0510_R014_T58CEC_20240202T004014_clip,no guano,0,0,0,0,0,0,0,0,0,0,0,,,,,,,
413576.8968,,1,,Multispectral_LC08_L2SR_059113_20150125_20201016_02_T2_MTL_clip,diffuse,0,1,137512.9562,0,0,0,1,0,0,0,0,,,,,,,
130851.5614,,2,,Multispectral_LC08_L2SR_059113_20151008_20201016_02_T2_MTL_clip,single-cluster,1,0,0,0,0,0,0,1,0,0,0,,,,,,,
169386.6949,240983.6483,1,2,Multispectral_LC08_L2SR_060113_20141028_20201016_02_T2_MTL_clip,single-cluster,1,1,151800.425,0,1,135989.3076,0,1,1,0,0,,,,,,,
233427.2375,144469.2308,2,3,Multispectral_LC08_L2SR_060113_20151015_20201016_02_T2_MTL_clip,single-cluster,0,0,0,0,1,193932.331,0,0,1,0,0,,,,,,,
3012423.61,2564008.112,1,1,Multispectral_LC08_L2SR_060113_20151202_20201016_02_T2_MTL_clip,diffuse,0,1,41958.27099,1,1,69954.09172,1,0,1,0,0,,,,,,,
427714.7925,389566.0483,2,2,Multispectral_LC08_L2SR_061113_20141104_20201016_02_T2_MTL_clip,single-cluster,0,1,133538.9689,1,1,103993.8188,1,0,1,0,0,,,,,,,
65719.6264,63366.64835,4,3,Multispectral_LC08_L2SR_061113_20151022_20201016_02_T2_MTL_clip,multicluster,1,1,204976.3078,0,1,138788.4578,1,1,0,0,0,,,,,,,
3625049.207,126806.767,1,1,Multispectral_LC08_L2SR_061113_20151209_20201016_02_T2_MTL_clip,diffuse,0,1,44597.09036,1,1,64856.18387,1,0,0,0,0,,,,,,,
2797753.871,90876.98116,1,1,Multispectral_LC08_L2SR_061113_20151225_20201016_02_T2_MTL_clip,diffuse,0,1,52313.78937,1,1,43200.69002,1,0,1,0,0,,,,,,,
,,,,Multispectral_LC08_L2SR_061113_20160126_20201016_02_T2_MTL_clip,no guano,0,0,0,0,0,0,0,0,0,0,0,,,,,,,
799627.7686,571852.2349,1,1,Multispectral_LC08_L2SR_062113_20131108_20201016_02_T2_MTL_clip,diffuse,0,1,78607.36788,1,1,96020.38123,0,0,1,0,0,,,,,,,
,,,,Multispectral_LC08_L2SR_062113_20131124_20201016_02_T2_MTL_clip,no guano,1,0,0,0,0,0,1,1,0,0,0,,,,,,,
1839696.381,,1,,Multispectral_LC08_L2SR_062113_20131210_20201016_02_T2_MTL_clip,diffuse,1,1,73403.32125,1,0,0,0,1,0,0,0,,,,,,,
5197923.333,5771452.142,1,4,Multispectral_LC08_L2SR_062113_20131226_20201016_02_T2_MTL_clip,diffuse,0,1,82381.62668,1,1,98276.68714,1,0,1,0,0,,,,,,,
,,,,Multispectral_LC08_L2SR_062113_20140127_20201016_02_T2_MTL_clip,no guano,0,0,0,0,0,0,0,0,0,0,0,,,,,,,
,,,,Multispectral_LC08_L2SR_062113_20140212_20201016_02_T2_MTL_clip,no guano,0,0,0,0,0,0,0,0,0,0,0,,,,,,,
842055.9383,874682.9305,1,1,Multispectral_LC08_L2SR_062113_20141111_20201016_02_T2_MTL_clip,diffuse,0,1,119188.4066,1,1,74432.76796,0,0,1,0,0,,,,,,,
1820564.77,2645122.657,1,4,Multispectral_LC08_L2SR_062113_20141213_20201016_02_T2_MTL_clip,diffuse,0,1,80825.66657,1,1,59987.2873,0,1,1,0,0,,,,,,,
3034494.575,3259151.158,1,4,Multispectral_LC08_L2SR_062113_20141229_20201016_02_T2_MTL_clip,diffuse,0,0,0,1,1,50724.53816,1,1,1,0,0,,,,,,,
,,,,Multispectral_LC08_L2SR_062113_20150130_20201016_02_T2_MTL_clip,no guano,0,0,0,0,0,0,0,0,0,0,0,,,,,,,
250082.8718,271751.186,2,2,Multispectral_LC08_L2SR_062113_20151029_20201016_02_T2_MTL_clip,multicluster,0,0,0,0,1,63176.68072,0,1,0,0,0,,,,,,,
767013.3948,216076.3973,1,1,Multispectral_LC08_L2SR_062113_20151114_20201016_02_T2_MTL_clip,diffuse,1,0,0,1,1,86019.69153,0,1,0,0,0,,,,,,,
4400548.156,355342.6021,1,1,Multispectral_LC08_L2SR_062113_20151216_20201016_02_T2_MTL_clip,diffuse,0,1,76052.66538,1,1,57731.00356,1,0,1,0,0,,,,,,,
,,,,Multispectral_LC08_L2SR_062113_20160202_20201016_02_T2_MTL_clip,no guano,0,0,0,0,0,0,0,0,0,0,0,,,,,,,
490918.2252,506751.2699,1,1,Multispectral_LC08_L2SR_063113_20131030_20201016_02_T2_MTL_clip,single-cluster,0,1,58148.63806,1,1,100931.6593,1,0,1,0,0,,,,,,,
1141759.215,1049908.689,1,1,Multispectral_LC08_L2SR_063113_20131115_20201016_02_T2_MTL_clip,diffuse,0,1,80384.11016,1,1,100312.4739,1,1,1,0,0,,,,,,,
1369506.844,,1,,Multispectral_LC08_L2SR_063113_20131201_20201016_02_T2_MTL_clip,diffuse,1,1,87837.96445,1,0,0,0,1,0,0,0,,,,,,,
681949.6957,2846738.64,1,2,Multispectral_LC08_L2SR_063113_20140102_20201016_02_T2_MTL_clip,diffuse,0,0,0,1,0,0,0,0,1,0,0,,,,,,,
198138.4792,144901.5061,1,2,Multispectral_LC08_L2SR_063113_20141017_20201016_02_T2_MTL_clip,multicluster,0,1,19891.01252,0,1,193262.1977,1,0,1,0,0,,,,,,,
1072244.503,1242423.18,1,1,Multispectral_LC08_L2SR_063113_20141118_20201016_02_T2_MTL_clip,diffuse,0,1,137838.8981,1,1,77011.40688,1,0,1,0,0,,,,,,,
1184945.566,,1,,Multispectral_LC08_L2SR_063113_20141204_20201016_02_T2_MTL_clip,diffuse,0,1,103702.4343,1,1,61056.05806,1,0,0,0,0,,,,,,,
916342.1389,,1,,Multispectral_LC08_L2SR_063113_20141220_20201016_02_T2_MTL_clip,diffuse,1,1,21741.35208,0,0,0,0,1,0,0,0,,,,,,,
402828.2509,,1,,Multispectral_LC08_L2SR_063113_20150121_20201016_02_T2_MTL_clip,diffuse,0,1,63962.44894,0,1,75891.72734,1,0,0,0,0,,,,,,,
395635.6948,290696.1715,1,1,Multispectral_LC08_L2SR_063113_20151105_20201016_02_T2_MTL_clip,multicluster,1,0,0,0,1,90439.01227,1,1,0,0,0,,,,,,,
1282524.495,1149132.486,1,1,Multispectral_LC08_L2SR_063113_20151121_20201016_02_T2_MTL_clip,diffuse,0,1,49548.80236,1,1,64118.19708,0,0,1,0,0,,,,,,,
,,,,Multispectral_LE07_L2SR_060113_20050213_20200914_02_T2_MTL_clip,no guano,0,0,0,0,0,0,0,0,0,0,0,,,,,,,
974479.6332,,1,,Multispectral_LE07_L2SR_060113_20030107_20200916_02_T2_MTL_clip,diffuse,1,1,99097.64795,0,1,45957.46518,0,1,0,0,0,,,,,,,
,,,,Multispectral_LE07_L2SR_060113_20020104_20200917_02_T2_MTL_clip,no guano,0,0,0,0,0,0,0,0,0,0,0,,,,,,,
,,,,Multispectral_LE07_L2SR_060113_20011219_20200917_02_T2_MTL_clip,no guano,0,0,0,0,0,0,0,0,0,0,0,,,,,,,
433828.5402,280113.0155,1,1,Multispectral_LE07_L2SR_060113_19991230_20200918_02_T2_MTL_clip,diffuse,0,1,58621.73622,1,1,64160.6129,0,0,0,0,0,,,,,,,
816212.8654,,4,,Multispectral_LE07_L2SR_060113_19991214_20200918_02_T2_MTL_clip,diffuse,0,1,60009.49408,1,1,53676.42557,0,0,0,0,0,,,,,,,
,,,,Multispectral_LE07_L2SR_059113_20000124_20200918_02_T2_MTL_clip,no guano,1,0,0,0,0,0,0,1,0,0,0,,,,,,,
313941.2579,197792.4234,1,1,Multispectral_LE07_L2SR_060113_20071102_20200913_02_T2_MTL_clip,multicluster,1,1,76557.27579,0,0,0,0,1,0,141731.7345,1,,,,,,,
,,,,Multispectral_LE07_L2SR_060113_20090123_20200912_02_T2_MTL_clip,no guano,0,0,0,0,0,0,0,0,0,0,0,,,,,,,
622797.4775,572035.649,3,3,Multispectral_LE07_L2SR_060113_20111113_20200909_02_T2_MTL_clip,diffuse,0,1,91465.03116,1,1,98573.58147,1,0,1,119034.7603,1,,,,,,,
1828864.413,704964.8658,4,5,Multispectral_LE07_L2SR_060113_20111129_20200909_02_T2_MTL_clip,diffuse,0,1,75022.35424,1,1,76002.00215,1,0,1,603768.0701,1,,,,,,,
798702.3668,,3,,Multispectral_LE07_L2SR_060113_20111215_20200909_02_T2_MTL_clip,diffuse,1,1,67894.39915,1,1,79513.69297,0,1,0,264142.1046,1,,,,,,,
4153074.907,3704633.394,6,6,Multispectral_LE07_L2SR_060113_20111231_20200909_02_T2_MTL_clip,diffuse,0,1,79627.14953,1,1,57035.4282,1,0,1,1355894.706,1,,,,,,,
,,,,Multispectral_LE07_L2SR_060113_20120201_20200909_02_T2_MTL_clip,no guano,0,0,0,0,0,0,0,0,0,248755.3149,1,,,,,,,
6926697.712,68261.49115,4,2,Multispectral_LE07_L2SR_060113_20130102_20200908_02_T2_MTL_clip,diffuse,0,1,73329.74682,1,1,66781.6836,1,0,0,1508767.893,1,,,,,,,
,,,,Multispectral_LE07_L2SR_061113_20010124_20200917_02_T2_MTL_clip,no guano,1,1,50253.22616,0,1,302286.0747,1,0,0,0,0,,,,,,,
544739.1702,,1,,Multispectral_LE07_L2SR_061113_20011210_20200917_02_T2_MTL_clip,diffuse,1,0,0,0,0,0,0,1,0,0,0,,,,,,,
764540.3207,,1,,Multispectral_LE07_L2SR_061113_20011226_20200917_02_T2_MTL_clip,diffuse,0,0,0,1,0,0,0,0,0,0,0,,,,,,,
4010386.711,106602.7733,1,1,Multispectral_LE07_L2SR_061113_20021213_20200916_02_T2_MTL_clip,diffuse,0,1,78165.81051,0,1,63422.64829,1,0,0,0,0,,,,,,,
924029.5908,,1,,Multispectral_LE07_L2SR_061113_20021229_20200916_02_T2_MTL_clip,diffuse,1,1,62080.59294,0,1,66298.15608,0,1,0,0,0,,,,,,,
1589137.384,989472.8557,1,10,Multispectral_LE07_L2SR_061113_20030114_20200916_02_T2_MTL_clip,diffuse,0,1,67200.52174,1,1,68664.75748,1,1,1,0,0,,,,,,,
2128780.615,3442506.279,1,1,Multispectral_LE07_L2SR_061113_20070109_20200913_02_T2_MTL_clip,diffuse,0,1,56981.67288,1,1,77053.81765,0,0,1,207275.1355,1,,,,,,,
2390387.945,1920125.932,1,3,Multispectral_LE07_L2SR_061113_20071211_20200913_02_T2_MTL_clip,diffuse,0,1,54668.76606,1,1,50512.49515,1,0,1,0,0,,,,,,,
,,,,Multispectral_LE07_L2SR_061113_20080112_20200913_02_T2_MTL_clip,no guano,1,1,52692.25957,0,1,72142.52875,0,1,0,0,0,,,,,,,
5534630.06,793194.409,1,2,Multispectral_LE07_L2SR_061113_20090114_20200912_02_T2_MTL_clip,diffuse,0,0,0,1,0,0,1,0,1,0,0,,,,,,,
593130.5674,496841.7019,1,1,Multispectral_LE07_L2SR_061113_20101101_20200910_02_T2_MTL_clip,diffuse,0,1,64172.71653,0,1,104952.3135,0,1,0,0,0,,,,,,,
2525008.583,87570.36716,1,1,Multispectral_LE07_L2SR_061113_20111206_20200909_02_T2_MTL_clip,diffuse,1,1,62154.14988,1,1,40163.98969,1,1,1,0,0,,,,,,,
2105807.186,,5,,Multispectral_LE07_L2SR_061113_20111222_20200909_02_T2_MTL_clip,diffuse,0,1,61397.23205,1,1,69122.80301,1,0,0,0,0,,,,,,,
5734591.76,927352.5052,1,1,Multispectral_LE07_L2SR_061113_20120107_20200909_02_T2_MTL_clip,diffuse,0,1,59631.00963,1,1,67782.57219,1,0,1,0,0,,,,,,,
2743253.079,2377626.875,1,1,Multispectral_LE07_L2SR_062113_20011201_20200917_02_T2_MTL_clip,diffuse,0,1,61481.34048,1,1,71336.72091,1,0,1,0,0,,,,,,,
726858.0403,420839.6097,1,2,Multispectral_LE07_L2SR_062113_20021118_20200916_02_T2_MTL_clip,diffuse,1,1,73634.62881,0,1,66764.70214,0,1,1,0,0,,,,,,,
2295229.545,,1,,Multispectral_LE07_L2SR_062113_20021204_20200916_02_T2_MTL_clip,diffuse,0,1,55362.63634,1,1,59215.39617,1,0,0,0,0,,,,,,,
896349.9995,,4,,Multispectral_LE07_L2SR_062113_20061129_20200913_02_T2_MTL_clip,diffuse,1,0,0,1,0,0,0,1,0,338735.5706,1,,,,,,,
2362169.273,198787.6826,4,2,Multispectral_LE07_L2SR_062113_20061215_20200913_02_T2_MTL_clip,diffuse,0,1,66128.15708,1,1,88555.92127,1,0,1,598135.3497,1,,,,,,,
448243.7741,,2,,Multispectral_LE07_L2SR_062113_20061231_20200913_02_T2_MTL_clip,diffuse,1,1,21678.26675,0,0,0,0,1,0,146349.8385,1,,,,,,,
1797078.807,167442.717,3,1,Multispectral_LE07_L2SR_062113_20070116_20200913_02_T2_MTL_clip,diffuse,0,1,69860.36033,1,1,72787.19037,0,0,0,342173.2335,1,,,,,,,
213950.1764,987962.9073,2,3,Multispectral_LE07_L2SR_062113_20070201_20200913_02_T2_MTL_clip,diffuse,0,0,0,1,0,0,1,0,1,124812.5707,1,,,,,,,
,,,,Multispectral_LE07_L2SR_062113_20070217_20200913_02_T2_MTL_clip,no guano,0,0,0,0,0,0,0,0,0,0,0,,,,,,,
424294.1954,286719.5863,2,2,Multispectral_LE07_L2SR_062113_20071116_20200913_02_T2_MTL_clip,diffuse,0,1,125864.3073,0,1,88844.31269,1,0,0,112407.902,1,,,,,,,
1434308.632,812971.1667,2,3,Multispectral_LE07_L2SR_062113_20071202_20200913_02_T2_MTL_clip,diffuse,1,1,36123.42324,1,1,62040.02966,1,0,1,292658.1968,1,,,,,,,
2689957.971,379010.8133,3,3,Multispectral_LE07_L2SR_062113_20071218_20200913_02_T2_MTL_clip,diffuse,0,1,84915.31261,1,1,58536.80479,1,1,1,722181.6319,1,,,,,,,
340332.7343,,2,,Multispectral_LE07_L2SR_062113_20080103_20200913_02_T2_MTL_clip,diffuse,1,1,180943.053,0,0,0,0,1,0,118931.2302,1,,,,,,,
661065.3317,517575.3025,2,3,Multispectral_LE07_L2SR_062113_20081118_20200912_02_T2_MTL_clip,diffuse,1,0,0,1,1,65865.55179,1,1,1,162544.1761,1,,,,,,,
2238713.849,926761.6149,5,10,Multispectral_LE07_L2SR_062113_20081220_20200912_02_T2_MTL_clip,diffuse,0,1,49727.55281,1,1,40503.29655,1,0,1,404486.2772,1,,,,,,,
6698138.261,175842.5728,4,1,Multispectral_LE07_L2SR_062113_20090105_20200912_02_T2_MTL_clip,diffuse,0,1,65591.99253,1,1,75128.31514,1,0,0,1051121.79,1,,,,,,,
,,,,Multispectral_LE07_L2SR_062113_20090121_20200912_02_T2_MTL_clip,no guano,0,0,0,0,0,0,0,0,0,0,0,,,,,,,
1846958.25,211334.1968,5,2,Multispectral_LE07_L2SR_062113_20091207_20200911_02_T2_MTL_clip,diffuse,0,1,79448.41379,1,1,74229.19283,1,0,1,503599.0177,1,,,,,,,
,,,,Multispectral_LE07_L2SR_062113_20091223_20200911_02_T2_MTL_clip,no guano,1,0,0,0,0,0,0,1,0,40444.47564,1,,,,,,,
,,,,Multispectral_LE07_L2SR_062113_20100124_20200911_02_T2_MTL_clip,no guano,1,0,0,0,0,0,0,1,0,62540.85601,1,,,,,,,
655284.3703,553407.2877,2,2,Multispectral_LE07_L2SR_062113_20101108_20200910_02_T2_MTL_clip,diffuse,0,1,79900.49963,0,1,64228.46724,1,1,0,173726.9844,1,,,,,,,
1036001.187,,2,,Multispectral_LE07_L2SR_062113_20101124_20200910_02_T2_MTL_clip,diffuse,1,1,72877.67156,1,1,62167.27456,0,1,0,320076.7445,1,,,,,,,
1525565.128,193726.5974,7,4,Multispectral_LE07_L2SR_062113_20101210_20200910_02_T2_MTL_clip,diffuse,0,1,23738.85791,1,1,12876.23806,1,0,1,550960.3999,1,,,,,,,
2788619.8,2353923.712,3,4,Multispectral_LE07_L2SR_062113_20101226_20200910_02_T2_MTL_clip,diffuse,0,1,32769.72081,1,1,22232.29858,1,0,1,1135904.442,1,,,,,,,
,,,,Multispectral_LE07_L2SR_062113_20110127_20200910_02_T2_MTL_clip,no guano,0,0,0,0,0,0,0,0,0,0,0,,,,,,,
758881.9719,551472.1331,2,2,Multispectral_LE07_L2SR_062113_20121113_20200908_02_T2_MTL_clip,diffuse,0,1,74706.9895,1,1,84043.27472,1,0,1,266026.6221,1,,,,,,,
2102613.769,1862390.786,4,5,Multispectral_LE07_L2SR_062113_20121129_20200908_02_T2_MTL_clip,diffuse,0,1,93494.09064,1,1,83966.9474,1,0,1,514492.0583,1,,,,,,,
297608.7584,,1,,Multispectral_LE07_L2SR_062113_20121215_20200908_02_T2_MTL_clip,diffuse,1,0,0,0,0,0,0,1,0,172256.6449,1,,,,,,,
7042490.068,232684.5662,4,2,Multispectral_LE07_L2SR_062113_20130116_20200908_02_T2_MTL_clip,diffuse,0,1,56498.05097,1,1,37483.5788,1,0,1,1384369.581,1,,,,,,,
,,,,Multispectral_LE07_L2SR_062113_20130201_20200908_02_T2_MTL_clip,no guano,0,0,0,0,0,0,0,0,0,0,0,,,,,,,
188348.8186,128397.8569,1,1,Multispectral_LE07_L2SR_063113_20000104_20200918_02_T2_MTL_clip,diffuse,0,0,0,1,0,0,1,0,1,0,0,,,,,,,
,,,,Multispectral_LE07_L2SR_063113_20000120_20200918_02_T2_MTL_clip,no guano,1,0,0,0,0,0,0,1,0,0,0,,,,,,,
1389740.226,1333013.212,1,1,Multispectral_LE07_L2SR_063113_20011122_20200917_02_T2_MTL_clip,diffuse,0,1,88016.71065,1,1,72753.27105,1,0,1,0,0,,,,,,,
947222.339,,1,,Multispectral_LE07_L2SR_063113_20021125_20200916_02_T2_MTL_clip,diffuse,1,0,0,0,0,0,0,1,0,0,0,,,,,,,
1311890.149,,1,,Multispectral_LE07_L2SR_063113_20030112_20200916_02_T2_MTL_clip,diffuse,1,1,57654.51267,0,0,0,0,1,0,0,0,,,,,,,
,,,,Multispectral_LE07_L2SR_063113_20050117_20200915_02_T2_MTL_clip,no guano,0,0,0,0,0,0,0,0,0,0,0,,,,,,,
1997710.424,917851.3516,3,6,Multispectral_LE07_L2SR_063113_20061206_20200913_02_T2_MTL_clip,diffuse,0,1,53964.36799,1,1,32546.82782,1,0,1,1926549.207,1,,,,,,,
2188061.701,1343475.68,3,6,Multispectral_LE07_L2SR_063113_20061222_20200913_02_T2_MTL_clip,diffuse,0,1,74664.90937,1,1,66103.0705,1,0,1,1192625.559,1,,,,,,,
1551992.253,233216.1795,2,5,Multispectral_LE07_L2SR_063113_20070107_20200913_02_T2_MTL_clip,diffuse,0,1,31350.43503,1,1,21138.05727,1,0,1,1420692.9,1,,,,,,,
325329.8319,,2,,Multispectral_LE07_L2SR_063113_20070123_20200913_02_T2_MTL_clip,diffuse,1,1,36428.32225,0,0,0,0,1,0,269340.0066,1,,,,,,,
,,,,Multispectral_LE07_L2SR_063113_20070208_20200913_02_T2_MTL_clip,no guano,0,0,0,0,0,0,0,0,0,0,0,,,,,,,
589436.6093,596086.6004,2,2,Multispectral_LE07_L2SR_063113_20071123_20200913_02_T2_MTL_clip,diffuse,0,1,40171.02427,1,1,31545.91976,1,0,1,386448.7402,1,,,,,,,
1160126.426,,3,,Multispectral_LE07_L2SR_063113_20071225_20200913_02_T2_MTL_clip,diffuse,1,1,42662.66467,1,0,0,0,1,0,673805.5739,1,,,,,,,
,,,,Multispectral_LE07_L2SR_063113_20080126_20200912_02_T2_MTL_clip,no guano,1,0,0,0,1,85519.2127,0,1,0,644999.5634,1,,,,,,,
200378.7083,278954.5739,1,2,Multispectral_LE07_L2SR_063113_20081109_20200912_02_T2_MTL_clip,diffuse,0,1,70144.22502,0,1,77630.59475,1,0,1,183460.1558,1,,,,,,,
662386.686,270871.4562,2,1,Multispectral_LE07_L2SR_063113_20081125_20200912_02_T2_MTL_clip,diffuse,0,1,16579.35844,1,1,20849.65668,1,0,0,583763.358,1,,,,,,,
4867283.836,672701.4998,5,4,Multispectral_LE07_L2SR_063113_20081227_20200912_02_T2_MTL_clip,diffuse,0,1,88132.34568,1,1,53235.34818,1,0,1,2880235.667,1,,,,,,,
960683.5872,1266876.103,3,4,Multispectral_LE07_L2SR_063113_20091128_20200911_02_T2_MTL_clip,diffuse,0,1,37174.76278,1,1,22588.53072,1,0,1,848340.1492,1,,,,,,,
1170972.63,167837.7765,4,3,Multispectral_LE07_L2SR_063113_20091214_20200911_02_T2_MTL_clip,diffuse,0,1,44723.25762,1,1,49799.9629,1,0,0,1115515.983,1,,,,,,,
1316803.154,21232.02885,2,1,Multispectral_LE07_L2SR_063113_20091230_20200911_02_T2_MTL_clip,diffuse,1,1,19796.4102,1,1,15522.72833,0,1,0,718308.8992,1,,,,,,,
,,,,Multispectral_LE07_L2SR_063113_20100115_20200911_02_T2_MTL_clip,no guano,0,1,81803.40319,0,1,70988.93289,1,0,0,309991.5773,1,,,,,,,
,,,,Multispectral_LE07_L2SR_063113_20100131_20200911_02_T2_MTL_clip,no guano,0,0,0,0,0,0,0,0,0,39367.6129,1,,,,,,,
583875.8886,,2,,Multispectral_LE07_L2SR_063113_20101115_20200910_02_T2_MTL_clip,diffuse,0,1,88952.39788,1,1,105656.3475,1,0,0,341241.2931,1,,,,,,,
377440.8878,,2,,Multispectral_LE07_L2SR_063113_20101201_20200910_02_T2_MTL_clip,diffuse,1,1,88889.31111,0,1,70471.48926,0,1,0,721953.7842,1,,,,,,,
3934010.76,1379334.938,5,7,Multispectral_LE07_L2SR_063113_20101217_20200910_02_T2_MTL_clip,diffuse,0,0,0,1,1,5818.900688,1,0,1,1963017.628,1,,,,,,,
,,,,Multispectral_LE07_L2SR_063113_20110118_20200910_02_T2_MTL_clip,no guano,0,0,0,0,0,0,0,0,0,0,0,,,,,,,
431787.9695,215435.9686,2,4,Multispectral_LE07_L2SR_063113_20111102_20200909_02_T2_MTL_clip,diffuse,0,1,73161.5193,0,1,36703.1915,1,0,1,373236.572,1,,,,,,,
876903.7266,655042.7525,3,5,Multispectral_LE07_L2SR_063113_20111118_20200909_02_T2_MTL_clip,diffuse,0,1,58937.14438,1,1,58409.58061,1,0,1,365512.1385,1,,,,,,,
391367.0553,331395.5156,2,3,Multispectral_LE07_L2SR_063113_20121104_20200908_02_T2_MTL_clip,multicluster,0,1,94240.53,0,1,60708.28941,1,0,1,238690.8376,1,,,,,,,
892000.5547,,2,,Multispectral_LE07_L2SR_063113_20121120_20200908_02_T2_MTL_clip,diffuse,1,1,1060742.241,0,0,0,0,1,0,328360.3483,1,,,,,,,
774867.3916,,2,,Multispectral_LE07_L2SR_063113_20121206_20200908_02_T2_MTL_clip,diffuse,1,0,0,0,0,0,0,1,0,965697.5465,1,,,,,,,
2472710.765,,1,,D3C1211_500005T002_a_clip_fixed,diffuse,0,1,231278.2717,1,,,,,,0,0,,,,,,,
186406.7904,,1,,D3C1216_300636F018_g_clip,single-cluster,0,1,181100.7838,0,,,,,,0,0,,,,,,,
394141.7218,,1,,DZB1211_500005L001001_a_clip,diffuse,0,1,172406.3677,1,,,,,,0,0,,,,,,,
231848.978,,1,,DZB1216_500393L004001_a_clip,single-cluster,1,1,177922.4804,0,,,,,,0,0,,,,,,,
1574202.194,,2,,LM01_L1GS_060114_19730222_20200909_02_T2_TOA_TIF_clip,diffuse,0,1,2747590,1,,,,,,0,0,,,,,,,
346716.7376,,1,,LM01_L1GS_062113_19721213_20200909_02_T2_TOA_TIF_clip,single-cluster,1,1,142261.2232,0,,,,,,0,0,,,,,,,
1282166.002,,1,,LM01_L1GS_064113_19721128_20200909_02_T2_TOA_TIF_clip,diffuse,0,1,186247.5483,1,,,,,,0,0,,,,,,,
267872.2707,,1,,LM01_L1GS_064113_19730102_20200909_02_T2_TOA_TIF_clip,diffuse,0,1,110148.3642,0,,,,,,0,0,,,,,,,
,,,,LT04_L2SR_060113_19881231_20200917_02_T2_Composite_clip,no guano,1,0,0,0,,,,,,0,0,,,,,,,
1464247.487,1158507.906,4,5,Multispectral_LT04_L2SR_060113_19881215_20200917_02_T2_MTL_clip,diffuse,0,1,81603.63924,1,1,63388.72475,1,0,1,0,0,,,,,,,
622092.4073,689930.2909,2,1,Multispectral_LT04_L2SR_062113_19891114_20200916_02_T2_MTL_clip,diffuse,0,1,114036.9216,1,1,86579.51219,1,0,1,0,0,,,,,,,
947894.1773,1389625.472,1,1,Multispectral_LT04_L2SR_062113_19900117_20200916_02_T2_MTL_clip,multicluster,0,1,87995.67252,0,1,83525.85045,1,1,1,0,0,,,,,,,
1723776.793,,1,,Multispectral_LT04_L2SR_062113_19910104_20200915_02_T2_MTL_clip,diffuse,1,0,0,0,0,0,0,1,0,0,0,,,,,,,
,,,,Multispectral_LT05_L2SR_062113_19910128_20200915_02_T2_MTL_clip,no guano,0,0,0,0,0,0,0,0,0,0,0,,,,,,,
,,,,Multispectral_LT05_L2SR_062113_19910213_20200915_02_T2_MTL_clip,no guano,0,0,0,0,0,0,0,0,0,0,0,,,,,,,
,,,,,,,,,,,,,,,,,,,,,,,
,,,,,,,,,,,,,,,,,,,,,,,
,,,,,,,,,,,,,,,,,,,,,,,
,,,,,,,,,,,,,,,,,,,,,,,
,,,,,,,,,,,,,,,,,,,,,,,
,,,,,,,,,,,,,,,,,,,,,,,
,,,,,,,,,,,,,,,,,,,,,,,
,,,,,,,,,,,,,,,,,,,,,,,
,,,,,,,,,,,,,,,,,,,,,,,
,,,,,,,,,,,,,,,,,,,,,,,
,,,,,,,,,,,,,,,,,,,,,,,
,,,,,,,,,,,,,,,,,,,,,,,
,,,,,,,,,,,,,,,,,,,,,,,
,,,,,,,,,,,,,,,,,,,,,,,
,,,,,,,,,,,,,,,,,,,,,,,
,,,,,,,,,,,,,,,,,,,,,,,
,,,,,,,,,,,,,,,,,,,,,,,
,,,,,,,,,,,,,,,,,,,,,,,
,,,,,,,,,,,,,,,,,,,,,,,
,,,,,,,,,,,,,,,,,,,,,,,
,,,,,,,,,,,,,,,,,,,,,,,
,,,,,,,,,,,,,,,,,,,,,,,
,,,,,,,,,,,,,,,,,,,,,,,
,,,,,,,,,,,,,,,,,,,,,,,
,,,,,,,,,,,,,,,,,,,,,,,
,,,,,,,,,,,,,,,,,,,,,,,
,,,,,,,,,,,,,,,,,,,,,,,
,,,,,,,,,,,,,,,,,,,,,,,
,,,,,,,,,,,,,,,,,,,,,,,
,,,,,,,,,,,,,,,,,,,,,,,
,,,,,,,,,,,,,,,,,,,,,,,
,,,,,,,,,,,,,,,,,,,,,,,
,,,,,,,,,,,,,,,,,,,,,,,
,,,,,,,,,,,,,,,,,,,,,,,
,,,,,,,,,,,,,,,,,,,,,,,
,,,,,,,,,,,,,,,,,,,,,,,
,,,,,,,,,,,,,,,,,,,,,,,
,,,,,,,,,,,,,,,,,,,,,,,
,,,,,,,,,,,,,,,,,,,,,,,
,,,,,,,,,,,,,,,,,,,,,,,
,,,,,,,,,,,,,,,,,,,,,,,
,,,,,,,,,,,,,,,,,,,,,,,
,,,,,,,,,,,,,,,,,,,,,,,
,,,,,,,,,,,,,,,,,,,,,,,
,,,,,,,,,,,,,,,,,,,,,,,
,,,,,,,,,,,,,,,,,,,,,,,
,,,,,,,,,,,,,,,,,,,,,,,
,,,,,,,,,,,,,,,,,,,,,,,
,,,,,,,,,,,,,,,,,,,,,,,
,,,,,,,,,,,,,,,,,,,,,,,
,,,,,,,,,,,,,,,,,,,,,,,
,,,,,,,,,,,,,,,,,,,,,,,
,,,,,,,,,,,,,,,,,,,,,,,
,,,,,,,,,,,,,,,,,,,,,,,
,,,,,,,,,,,,,,,,,,,,,,,
,,,,,,,,,,,,,,,,,,,,,,,
,,,,,,,,,,,,,,,,,,,,,,,
,,,,,,,,,,,,,,,,,,,,,,,
,,,,,,,,,,,,,,,,,,,,,,,
,,,,,,,,,,,,,,,,,,,,,,,
,,,,,,,,,,,,,,,,,,,,,,,
,,,,,,,,,,,,,,,,,,,,,,,
,,,,,,,,,,,,,,,,,,,,,,,
,,,,,,,,,,,,,,,,,,,,,,,
,,,,,,,,,,,,,,,,,,,,,,,
,,,,,,,,,,,,,,,,,,,,,,,
,,,,,,,,,,,,,,,,,,,,,,,
,,,,,,,,,,,,,,,,,,,,,,,
,,,,,,,,,,,,,,,,,,,,,,,
,,,,,,,,,,,,,,,,,,,,,,,
,,,,,,,,,,,,,,,,,,,,,,,
,,,,,,,,,,,,,,,,,,,,,,,
,,,,,,,,,,,,,,,,,,,,,,,
,,,,,,,,,,,,,,,,,,,,,,,
,,,,,,,,,,,,,,,,,,,,,,,
,,,,,,,,,,,,,,,,,,,,,,,
,,,,,,,,,,,,,,,,,,,,,,,
,,,,,,,,,,,,,,,,,,,,,,,
,,,,,,,,,,,,,,,,,,,,,,,
,,,,,,,,,,,,,,,,,,,,,,,
,,,,,,,,,,,,,,,,,,,,,,,
,,,,,,,,,,,,,,,,,,,,,,,
,,,,,,,,,,,,,,,,,,,,,,,
,,,,,,,,,,,,,,,,,,,,,,,
,,,,,,,,,,,,,,,,,,,,,,,
,,,,,,,,,,,,,,,,,,,,,,,
,,,,,,,,,,,,,,,,,,,,,,,
,,,,,,,,,,,,,,,,,,,,,,,
,,,,,,,,,,,,,,,,,,,,,,,
,,,,,,,,,,,,,,,,,,,,,,,
,,,,,,,,,,,,,,,,,,,,,,,
,,,,,,,,,,,,,,,,,,,,,,,
,,,,,,,,,,,,,,,,,,,,,,,
,,,,,,,,,,,,,,,,,,,,,,,
,,,,,,,,,,,,,,,,,,,,,,,
,,,,,,,,,,,,,,,,,,,,,,,
,,,,,,,,,,,,,,,,,,,,,,,
,,,,,,,,,,,,,,,,,,,,,,,
,,,,,,,,,,,,,,,,,,,,,,,
,,,,,,,,,,,,,,,,,,,,,,,
,,,,,,,,,,,,,,,,,,,,,,,
,,,,,,,,,,,,,,,,,,,,,,,
,,,,,,,,,,,,,,,,,,,,,,,
,,,,,,,,,,,,,,,,,,,,,,,
,,,,,,,,,,,,,,,,,,,,,,,
,,,,,,,,,,,,,,,,,,,,,,,
,,,,,,,,,,,,,,,,,,,,,,,
,,,,,,,,,,,,,,,,,,,,,,,
,,,,,,,,,,,,,,,,,,,,,,,
,,,,,,,,,,,,,,,,,,,,,,,
,,,,,,,,,,,,,,,,,,,,,,,
,,,,,,,,,,,,,,,,,,,,,,,
,,,,,,,,,,,,,,,,,,,,,,,
,,,,,,,,,,,,,,,,,,,,,,,
,,,,,,,,,,,,,,,,,,,,,,,
,,,,,,,,,,,,,,,,,,,,,,,
,,,,,,,,,,,,,,,,,,,,,,,
,,,,,,,,,,,,,,,,,,,,,,,
,,,,,,,,,,,,,,,,,,,,,,,
,,,,,,,,,,,,,,,,,,,,,,,
,,,,,,,,,,,,,,,,,,,,,,,
,,,,,,,,,,,,,,,,,,,,,,,
,,,,,,,,,,,,,,,,,,,,,,,
,,,,,,,,,,,,,,,,,,,,,,,
,,,,,,,,,,,,,,,,,,,,,,,
,,,,,,,,,,,,,,,,,,,,,,,
,,,,,,,,,,,,,,,,,,,,,,,
,,,,,,,,,,,,,,,,,,,,,,,
,,,,,,,,,,,,,,,,,,,,,,,
,,,,,,,,,,,,,,,,,,,,,,,
,,,,,,,,,,,,,,,,,,,,,,,
,,,,,,,,,,,,,,,,,,,,,,,
,,,,,,,,,,,,,,,,,,,,,,,
,,,,,,,,,,,,,,,,,,,,,,,
,,,,,,,,,,,,,,,,,,,,,,,
,,,,,,,,,,,,,,,,,,,,,,,
,,,,,,,,,,,,,,,,,,,,,,,
,,,,,,,,,,,,,,,,,,,,,,,
,,,,,,,,,,,,,,,,,,,,,,,
,,,,,,,,,,,,,,,,,,,,,,,
,,,,,,,,,,,,,,,,,,,,,,,
,,,,,,,,,,,,,,,,,,,,,,,
,,,,,,,,,,,,,,,,,,,,,,,
,,,,,,,,,,,,,,,,,,,,,,,
,,,,,,,,,,,,,,,,,,,,,,,
,,,,,,,,,,,,,,,,,,,,,,,
,,,,,,,,,,,,,,,,,,,,,,,
,,,,,,,,,,,,,,,,,,,,,,,
,,,,,,,,,,,,,,,,,,,,,,,
,,,,,,,,,,,,,,,,,,,,,,,
,,,,,,,,,,,,,,,,,,,,,,,
,,,,,,,,,,,,,,,,,,,,,,,
,,,,,,,,,,,,,,,,,,,,,,,
,,,,,,,,,,,,,,,,,,,,,,,
,,,,,,,,,,,,,,,,,,,,,,,
,,,,,,,,,,,,,,,,,,,,,,,
,,,,,,,,,,,,,,,,,,,,,,,
,,,,,,,,,,,,,,,,,,,,,,,
,,,,,,,,,,,,,,,,,,,,,,,
,,,,,,,,,,,,,,,,,,,,,,,
,,,,,,,,,,,,,,,,,,,,,,,
,,,,,,,,,,,,,,,,,,,,,,,
,,,,,,,,,,,,,,,,,,,,,,,
,,,,,,,,,,,,,,,,,,,,,,,
,,,,,,,,,,,,,,,,,,,,,,,
,,,,,,,,,,,,,,,,,,,,,,,
,,,,,,,,,,,,,,,,,,,,,,,
,,,,,,,,,,,,,,,,,,,,,,,
,,,,,,,,,,,,,,,,,,,,,,,
,,,,,,,,,,,,,,,,,,,,,,,
,,,,,,,,,,,,,,,,,,,,,,,
,,,,,,,,,,,,,,,,,,,,,,,
,,,,,,,,,,,,,,,,,,,,,,,
,,,,,,,,,,,,,,,,,,,,,,,
,,,,,,,,,,,,,,,,,,,,,,,
,,,,,,,,,,,,,,,,,,,,,,,
,,,,,,,,,,,,,,,,,,,,,,,
,,,,,,,,,,,,,,,,,,,,,,,
,,,,,,,,,,,,,,,,,,,,,,,
,,,,,,,,,,,,,,,,,,,,,,,
,,,,,,,,,,,,,,,,,,,,,,,
,,,,,,,,,,,,,,,,,,,,,,,
,,,,,,,,,,,,,,,,,,,,,,,
,,,,,,,,,,,,,,,,,,,,,,,
,,,,,,,,,,,,,,,,,,,,,,,
,,,,,,,,,,,,,,,,,,,,,,,
,,,,,,,,,,,,,,,,,,,,,,,
,,,,,,,,,,,,,,,,,,,,,,,
,,,,,,,,,,,,,,,,,,,,,,,
,,,,,,,,,,,,,,,,,,,,,,,
,,,,,,,,,,,,,,,,,,,,,,,
,,,,,,,,,,,,,,,,,,,,,,,
,,,,,,,,,,,,,,,,,,,,,,,
,,,,,,,,,,,,,,,,,,,,,,,
,,,,,,,,,,,,,,,,,,,,,,,
,,,,,,,,,,,,,,,,,,,,,,,
,,,,,,,,,,,,,,,,,,,,,,,
,,,,,,,,,,,,,,,,,,,,,,,
,,,,,,,,,,,,,,,,,,,,,,,
,,,,,,,,,,,,,,,,,,,,,,,
,,,,,,,,,,,,,,,,,,,,,,,
,,,,,,,,,,,,,,,,,,,,,,,
,,,,,,,,,,,,,,,,,,,,,,,
,,,,,,,,,,,,,,,,,,,,,,,
,,,,,,,,,,,,,,,,,,,,,,,
,,,,,,,,,,,,,,,,,,,,,,,
,,,,,,,,,,,,,,,,,,,,,,,
,,,,,,,,,,,,,,,,,,,,,,,
,,,,,,,,,,,,,,,,,,,,,,,
,,,,,,,,,,,,,,,,,,,,,,,
,,,,,,,,,,,,,,,,,,,,,,,
,,,,,,,,,,,,,,,,,,,,,,,
,,,,,,,,,,,,,,,,,,,,,,,
,,,,,,,,,,,,,,,,,,,,,,,
,,,,,,,,,,,,,,,,,,,,,,,
,,,,,,,,,,,,,,,,,,,,,,,
,,,,,,,,,,,,,,,,,,,,,,,
,,,,,,,,,,,,,,,,,,,,,,,
,,,,,,,,,,,,,,,,,,,,,,,
,,,,,,,,,,,,,,,,,,,,,,,
,,,,,,,,,,,,,,,,,,,,,,,
,,,,,,,,,,,,,,,,,,,,,,,
,,,,,,,,,,,,,,,,,,,,,,,
,,,,,,,,,,,,,,,,,,,,,,,
,,,,,,,,,,,,,,,,,,,,,,,
,,,,,,,,,,,,,,,,,,,,,,,
,,,,,,,,,,,,,,,,,,,,,,,
,,,,,,,,,,,,,,,,,,,,,,,
,,,,,,,,,,,,,,,,,,,,,,,
,,,,,,,,,,,,,,,,,,,,,,,
,,,,,,,,,,,,,,,,,,,,,,,
,,,,,,,,,,,,,,,,,,,,,,,
,,,,,,,,,,,,,,,,,,,,,,,
,,,,,,,,,,,,,,,,,,,,,,,
,,,,,,,,,,,,,,,,,,,,,,,
,,,,,,,,,,,,,,,,,,,,,,,
,,,,,,,,,,,,,,,,,,,,,,,
,,,,,,,,,,,,,,,,,,,,,,,
,,,,,,,,,,,,,,,,,,,,,,,
,,,,,,,,,,,,,,,,,,,,,,,
,,,,,,,,,,,,,,,,,,,,,,,
,,,,,,,,,,,,,,,,,,,,,,,
,,,,,,,,,,,,,,,,,,,,,,,
,,,,,,,,,,,,,,,,,,,,,,,
,,,,,,,,,,,,,,,,,,,,,,,
,,,,,,,,,,,,,,,,,,,,,,,
,,,,,,,,,,,,,,,,,,,,,,,
,,,,,,,,,,,,,,,,,,,,,,,
,,,,,,,,,,,,,,,,,,,,,,,
,,,,,,,,,,,,,,,,,,,,,,,
,,,,,,,,,,,,,,,,,,,,,,,
,,,,,,,,,,,,,,,,,,,,,,,
,,,,,,,,,,,,,,,,,,,,,,,
,,,,,,,,,,,,,,,,,,,,,,,
,,,,,,,,,,,,,,,,,,,,,,,
,,,,,,,,,,,,,,,,,,,,,,,
,,,,,,,,,,,,,,,,,,,,,,,
,,,,,,,,,,,,,,,,,,,,,,,
,,,,,,,,,,,,,,,,,,,,,,,
,,,,,,,,,,,,,,,,,,,,,,,
,,,,,,,,,,,,,,,,,,,,,,,
,,,,,,,,,,,,,,,,,,,,,,,
,,,,,,,,,,,,,,,,,,,,,,,
,,,,,,,,,,,,,,,,,,,,,,,
,,,,,,,,,,,,,,,,,,,,,,,
,,,,,,,,,,,,,,,,,,,,,,,
,,,,,,,,,,,,,,,,,,,,,,,
,,,,,,,,,,,,,,,,,,,,,,,
,,,,,,,,,,,,,,,,,,,,,,,
,,,,,,,,,,,,,,,,,,,,,,,
,,,,,,,,,,,,,,,,,,,,,,,
,,,,,,,,,,,,,,,,,,,,,,,
,,,,,,,,,,,,,,,,,,,,,,,
,,,,,,,,,,,,,,,,,,,,,,,
,,,,,,,,,,,,,,,,,,,,,,,
,,,,,,,,,,,,,,,,,,,,,,,
,,,,,,,,,,,,,,,,,,,,,,,
,,,,,,,,,,,,,,,,,,,,,,,
,,,,,,,,,,,,,,,,,,,,,,,
,,,,,,,,,,,,,,,,,,,,,,,
,,,,,,,,,,,,,,,,,,,,,,,
,,,,,,,,,,,,,,,,,,,,,,,
,,,,,,,,,,,,,,,,,,,,,,,
,,,,,,,,,,,,,,,,,,,,,,,
,,,,,,,,,,,,,,,,,,,,,,,
,,,,,,,,,,,,,,,,,,,,,,,
,,,,,,,,,,,,,,,,,,,,,,,
,,,,,,,,,,,,,,,,,,,,,,,
,,,,,,,,,,,,,,,,,,,,,,,
,,,,,,,,,,,,,,,,,,,,,,,
,,,,,,,,,,,,,,,,,,,,,,,
,,,,,,,,,,,,,,,,,,,,,,,
,,,,,,,,,,,,,,,,,,,,,,,
,,,,,,,,,,,,,,,,,,,,,,,
,,,,,,,,,,,,,,,,,,,,,,,
,,,,,,,,,,,,,,,,,,,,,,,
,,,,,,,,,,,,,,,,,,,,,,,
,,,,,,,,,,,,,,,,,,,,,,,
,,,,,,,,,,,,,,,,,,,,,,,
,,,,,,,,,,,,,,,,,,,,,,,
,,,,,,,,,,,,,,,,,,,,,,,
,,,,,,,,,,,,,,,,,,,,,,,
,,,,,,,,,,,,,,,,,,,,,,,
,,,,,,,,,,,,,,,,,,,,,,,
,,,,,,,,,,,,,,,,,,,,,,,
,,,,,,,,,,,,,,,,,,,,,,,
,,,,,,,,,,,,,,,,,,,,,,,
,,,,,,,,,,,,,,,,,,,,,,,
,,,,,,,,,,,,,,,,,,,,,,,
,,,,,,,,,,,,,,,,,,,,,,,
,,,,,,,,,,,,,,,,,,,,,,,
,,,,,,,,,,,,,,,,,,,,,,,
,,,,,,,,,,,,,,,,,,,,,,,
,,,,,,,,,,,,,,,,,,,,,,,
,,,,,,,,,,,,,,,,,,,,,,,
,,,,,,,,,,,,,,,,,,,,,,,
,,,,,,,,,,,,,,,,,,,,,,,
,,,,,,,,,,,,,,,,,,,,,,,
,,,,,,,,,,,,,,,,,,,,,,,
,,,,,,,,,,,,,,,,,,,,,,,
,,,,,,,,,,,,,,,,,,,,,,,
,,,,,,,,,,,,,,,,,,,,,,,
,,,,,,,,,,,,,,,,,,,,,,,
,,,,,,,,,,,,,,,,,,,,,,,
,,,,,,,,,,,,,,,,,,,,,,,
,,,,,,,,,,,,,,,,,,,,,,,
,,,,,,,,,,,,,,,,,,,,,,,
,,,,,,,,,,,,,,,,,,,,,,,
,,,,,,,,,,,,,,,,,,,,,,,
,,,,,,,,,,,,,,,,,,,,,,,
,,,,,,,,,,,,,,,,,,,,,,,
,,,,,,,,,,,,,,,,,,,,,,,
,,,,,,,,,,,,,,,,,,,,,,,
,,,,,,,,,,,,,,,,,,,,,,,
,,,,,,,,,,,,,,,,,,,,,,,
,,,,,,,,,,,,,,,,,,,,,,,
,,,,,,,,,,,,,,,,,,,,,,,
,,,,,,,,,,,,,,,,,,,,,,,
,,,,,,,,,,,,,,,,,,,,,,,
,,,,,,,,,,,,,,,,,,,,,,,
,,,,,,,,,,,,,,,,,,,,,,,
,,,,,,,,,,,,,,,,,,,,,,,
,,,,,,,,,,,,,,,,,,,,,,,
,,,,,,,,,,,,,,,,,,,,,,,
,,,,,,,,,,,,,,,,,,,,,,,
,,,,,,,,,,,,,,,,,,,,,,,
,,,,,,,,,,,,,,,,,,,,,,,
,,,,,,,,,,,,,,,,,,,,,,,
,,,,,,,,,,,,,,,,,,,,,,,
,,,,,,,,,,,,,,,,,,,,,,,
,,,,,,,,,,,,,,,,,,,,,,,
,,,,,,,,,,,,,,,,,,,,,,,
,,,,,,,,,,,,,,,,,,,,,,,
,,,,,,,,,,,,,,,,,,,,,,,
,,,,,,,,,,,,,,,,,,,,,,,
,,,,,,,,,,,,,,,,,,,,,,,
,,,,,,,,,,,,,,,,,,,,,,,
,,,,,,,,,,,,,,,,,,,,,,,
,,,,,,,,,,,,,,,,,,,,,,,
,,,,,,,,,,,,,,,,,,,,,,,
,,,,,,,,,,,,,,,,,,,,,,,
,,,,,,,,,,,,,,,,,,,,,,,
,,,,,,,,,,,,,,,,,,,,,,,
,,,,,,,,,,,,,,,,,,,,,,,
,,,,,,,,,,,,,,,,,,,,,,,
,,,,,,,,,,,,,,,,,,,,,,,
,,,,,,,,,,,,,,,,,,,,,,,
,,,,,,,,,,,,,,,,,,,,,,,
,,,,,,,,,,,,,,,,,,,,,,,
,,,,,,,,,,,,,,,,,,,,,,,
,,,,,,,,,,,,,,,,,,,,,,,
,,,,,,,,,,,,,,,,,,,,,,,
,,,,,,,,,,,,,,,,,,,,,,,
,,,,,,,,,,,,,,,,,,,,,,,
,,,,,,,,,,,,,,,,,,,,,,,
,,,,,,,,,,,,,,,,,,,,,,,
,,,,,,,,,,,,,,,,,,,,,,,
,,,,,,,,,,,,,,,,,,,,,,,
,,,,,,,,,,,,,,,,,,,,,,,
,,,,,,,,,,,,,,,,,,,,,,,
,,,,,,,,,,,,,,,,,,,,,,,
,,,,,,,,,,,,,,,,,,,,,,,
,,,,,,,,,,,,,,,,,,,,,,,
,,,,,,,,,,,,,,,,,,,,,,,
,,,,,,,,,,,,,,,,,,,,,,,
,,,,,,,,,,,,,,,,,,,,,,,
,,,,,,,,,,,,,,,,,,,,,,,
,,,,,,,,,,,,,,,,,,,,,,,
,,,,,,,,,,,,,,,,,,,,,,,
,,,,,,,,,,,,,,,,,,,,,,,
,,,,,,,,,,,,,,,,,,,,,,,
,,,,,,,,,,,,,,,,,,,,,,,
,,,,,,,,,,,,,,,,,,,,,,,
,,,,,,,,,,,,,,,,,,,,,,,
,,,,,,,,,,,,,,,,,,,,,,,
,,,,,,,,,,,,,,,,,,,,,,,
,,,,,,,,,,,,,,,,,,,,,,,
,,,,,,,,,,,,,,,,,,,,,,,
,,,,,,,,,,,,,,,,,,,,,,,
,,,,,,,,,,,,,,,,,,,,,,,
,,,,,,,,,,,,,,,,,,,,,,,
,,,,,,,,,,,,,,,,,,,,,,,
,,,,,,,,,,,,,,,,,,,,,,,
,,,,,,,,,,,,,,,,,,,,,,,
,,,,,,,,,,,,,,,,,,,,,,,
,,,,,,,,,,,,,,,,,,,,,,,
,,,,,,,,,,,,,,,,,,,,,,,
,,,,,,,,,,,,,,,,,,,,,,,
,,,,,,,,,,,,,,,,,,,,,,,
,,,,,,,,,,,,,,,,,,,,,,,
,,,,,,,,,,,,,,,,,,,,,,,
,,,,,,,,,,,,,,,,,,,,,,,
,,,,,,,,,,,,,,,,,,,,,,,
,,,,,,,,,,,,,,,,,,,,,,,
,,,,,,,,,,,,,,,,,,,,,,,
,,,,,,,,,,,,,,,,,,,,,,,
,,,,,,,,,,,,,,,,,,,,,,,
,,,,,,,,,,,,,,,,,,,,,,,
,,,,,,,,,,,,,,,,,,,,,,,
,,,,,,,,,,,,,,,,,,,,,,,
,,,,,,,,,,,,,,,,,,,,,,,
,,,,,,,,,,,,,,,,,,,,,,,
,,,,,,,,,,,,,,,,,,,,,,,
,,,,,,,,,,,,,,,,,,,,,,,
,,,,,,,,,,,,,,,,,,,,,,,
,,,,,,,,,,,,,,,,,,,,,,,
,,,,,,,,,,,,,,,,,,,,,,,
,,,,,,,,,,,,,,,,,,,,,,,
,,,,,,,,,,,,,,,,,,,,,,,
,,,,,,,,,,,,,,,,,,,,,,,
,,,,,,,,,,,,,,,,,,,,,,,
,,,,,,,,,,,,,,,,,,,,,,,
,,,,,,,,,,,,,,,,,,,,,,,
,,,,,,,,,,,,,,,,,,,,,,,
,,,,,,,,,,,,,,,,,,,,,,,
,,,,,,,,,,,,,,,,,,,,,,,
,,,,,,,,,,,,,,,,,,,,,,,
,,,,,,,,,,,,,,,,,,,,,,,
,,,,,,,,,,,,,,,,,,,,,,,
,,,,,,,,,,,,,,,,,,,,,,,
,,,,,,,,,,,,,,,,,,,,,,,
,,,,,,,,,,,,,,,,,,,,,,,
,,,,,,,,,,,,,,,,,,,,,,,
,,,,,,,,,,,,,,,,,,,,,,,
,,,,,,,,,,,,,,,,,,,,,,,
,,,,,,,,,,,,,,,,,,,,,,,
,,,,,,,,,,,,,,,,,,,,,,,
,,,,,,,,,,,,,,,,,,,,,,,
,,,,,,,,,,,,,,,,,,,,,,,
,,,,,,,,,,,,,,,,,,,,,,,
,,,,,,,,,,,,,,,,,,,,,,,
,,,,,,,,,,,,,,,,,,,,,,,
,,,,,,,,,,,,,,,,,,,,,,,
,,,,,,,,,,,,,,,,,,,,,,,
,,,,,,,,,,,,,,,,,,,,,,,
,,,,,,,,,,,,,,,,,,,,,,,
,,,,,,,,,,,,,,,,,,,,,,,
,,,,,,,,,,,,,,,,,,,,,,,
,,,,,,,,,,,,,,,,,,,,,,,
,,,,,,,,,,,,,,,,,,,,,,,
,,,,,,,,,,,,,,,,,,,,,,,
,,,,,,,,,,,,,,,,,,,,,,,
,,,,,,,,,,,,,,,,,,,,,,,
,,,,,,,,,,,,,,,,,,,,,,,
,,,,,,,,,,,,,,,,,,,,,,,
,,,,,,,,,,,,,,,,,,,,,,,
,,,,,,,,,,,,,,,,,,,,,,,
,,,,,,,,,,,,,,,,,,,,,,,
,,,,,,,,,,,,,,,,,,,,,,,
,,,,,,,,,,,,,,,,,,,,,,,
,,,,,,,,,,,,,,,,,,,,,,,
,,,,,,,,,,,,,,,,,,,,,,,
,,,,,,,,,,,,,,,,,,,,,,,
,,,,,,,,,,,,,,,,,,,,,,,
,,,,,,,,,,,,,,,,,,,,,,,
,,,,,,,,,,,,,,,,,,,,,,,
,,,,,,,,,,,,,,,,,,,,,,,
,,,,,,,,,,,,,,,,,,,,,,,
,,,,,,,,,,,,,,,,,,,,,,,
,,,,,,,,,,,,,,,,,,,,,,,
,,,,,,,,,,,,,,,,,,,,,,,
,,,,,,,,,,,,,,,,,,,,,,,
,,,,,,,,,,,,,,,,,,,,,,,
,,,,,,,,,,,,,,,,,,,,,,,
,,,,,,,,,,,,,,,,,,,,,,,
,,,,,,,,,,,,,,,,,,,,,,,
,,,,,,,,,,,,,,,,,,,,,,,
,,,,,,,,,,,,,,,,,,,,,,,
,,,,,,,,,,,,,,,,,,,,,,,
,,,,,,,,,,,,,,,,,,,,,,,
,,,,,,,,,,,,,,,,,,,,,,,
,,,,,,,,,,,,,,,,,,,,,,,
,,,,,,,,,,,,,,,,,,,,,,,
,,,,,,,,,,,,,,,,,,,,,,,
,,,,,,,,,,,,,,,,,,,,,,,
,,,,,,,,,,,,,,,,,,,,,,,
,,,,,,,,,,,,,,,,,,,,,,,
,,,,,,,,,,,,,,,,,,,,,,,
,,,,,,,,,,,,,,,,,,,,,,,
,,,,,,,,,,,,,,,,,,,,,,,
,,,,,,,,,,,,,,,,,,,,,,,
,,,,,,,,,,,,,,,,,,,,,,,
,,,,,,,,,,,,,,,,,,,,,,,
,,,,,,,,,,,,,,,,,,,,,,,
,,,,,,,,,,,,,,,,,,,,,,,
,,,,,,,,,,,,,,,,,,,,,,,
,,,,,,,,,,,,,,,,,,,,,,,
,,,,,,,,,,,,,,,,,,,,,,,
,,,,,,,,,,,,,,,,,,,,,,,
,,,,,,,,,,,,,,,,,,,,,,,
,,,,,,,,,,,,,,,,,,,,,,,
,,,,,,,,,,,,,,,,,,,,,,,
,,,,,,,,,,,,,,,,,,,,,,,
,,,,,,,,,,,,,,,,,,,,,,,
,,,,,,,,,,,,,,,,,,,,,,,
,,,,,,,,,,,,,,,,,,,,,,,
,,,,,,,,,,,,,,,,,,,,,,,
,,,,,,,,,,,,,,,,,,,,,,,
,,,,,,,,,,,,,,,,,,,,,,,
,,,,,,,,,,,,,,,,,,,,,,,
,,,,,,,,,,,,,,,,,,,,,,,
,,,,,,,,,,,,,,,,,,,,,,,
,,,,,,,,,,,,,,,,,,,,,,,
,,,,,,,,,,,,,,,,,,,,,,,
,,,,,,,,,,,,,,,,,,,,,,,
,,,,,,,,,,,,,,,,,,,,,,,
,,,,,,,,,,,,,,,,,,,,,,,
,,,,,,,,,,,,,,,,,,,,,,,
,,,,,,,,,,,,,,,,,,,,,,,
,,,,,,,,,,,,,,,,,,,,,,,
,,,,,,,,,,,,,,,,,,,,,,,
,,,,,,,,,,,,,,,,,,,,,,,
,,,,,,,,,,,,,,,,,,,,,,,
,,,,,,,,,,,,,,,,,,,,,,,
,,,,,,,,,,,,,,,,,,,,,,,
,,,,,,,,,,,,,,,,,,,,,,,
,,,,,,,,,,,,,,,,,,,,,,,
,,,,,,,,,,,,,,,,,,,,,,,
,,,,,,,,,,,,,,,,,,,,,,,
,,,,,,,,,,,,,,,,,,,,,,,
,,,,,,,,,,,,,,,,,,,,,,,
,,,,,,,,,,,,,,,,,,,,,,,
,,,,,,,,,,,,,,,,,,,,,,,
,,,,,,,,,,,,,,,,,,,,,,,
,,,,,,,,,,,,,,,,,,,,,,,
,,,,,,,,,,,,,,,,,,,,,,,
,,,,,,,,,,,,,,,,,,,,,,,
,,,,,,,,,,,,,,,,,,,,,,,
,,,,,,,,,,,,,,,,,,,,,,,
,,,,,,,,,,,,,,,,,,,,,,,
,,,,,,,,,,,,,,,,,,,,,,,
,,,,,,,,,,,,,,,,,,,,,,,
,,,,,,,,,,,,,,,,,,,,,,,
,,,,,,,,,,,,,,,,,,,,,,,
,,,,,,,,,,,,,,,,,,,,,,,
,,,,,,,,,,,,,,,,,,,,,,,
,,,,,,,,,,,,,,,,,,,,,,,
,,,,,,,,,,,,,,,,,,,,,,,
,,,,,,,,,,,,,,,,,,,,,,,
,,,,,,,,,,,,,,,,,,,,,,,
,,,,,,,,,,,,,,,,,,,,,,,
,,,,,,,,,,,,,,,,,,,,,,,
,,,,,,,,,,,,,,,,,,,,,,,
,,,,,,,,,,,,,,,,,,,,,,,
,,,,,,,,,,,,,,,,,,,,,,,
,,,,,,,,,,,,,,,,,,,,,,,
,,,,,,,,,,,,,,,,,,,,,,,
,,,,,,,,,,,,,,,,,,,,,,,
,,,,,,,,,,,,,,,,,,,,,,,
,,,,,,,,,,,,,,,,,,,,,,,
,,,,,,,,,,,,,,,,,,,,,,,
,,,,,,,,,,,,,,,,,,,,,,,
,,,,,,,,,,,,,,,,,,,,,,,
,,,,,,,,,,,,,,,,,,,,,,,
,,,,,,,,,,,,,,,,,,,,,,,
,,,,,,,,,,,,,,,,,,,,,,,
,,,,,,,,,,,,,,,,,,,,,,,
,,,,,,,,,,,,,,,,,,,,,,,
,,,,,,,,,,,,,,,,,,,,,,,
,,,,,,,,,,,,,,,,,,,,,,,
,,,,,,,,,,,,,,,,,,,,,,,
,,,,,,,,,,,,,,,,,,,,,,,
,,,,,,,,,,,,,,,,,,,,,,,
,,,,,,,,,,,,,,,,,,,,,,,
,,,,,,,,,,,,,,,,,,,,,,,
,,,,,,,,,,,,,,,,,,,,,,,
,,,,,,,,,,,,,,,,,,,,,,,
,,,,,,,,,,,,,,,,,,,,,,,
,,,,,,,,,,,,,,,,,,,,,,,
,,,,,,,,,,,,,,,,,,,,,,,
,,,,,,,,,,,,,,,,,,,,,,,
,,,,,,,,,,,,,,,,,,,,,,,
,,,,,,,,,,,,,,,,,,,,,,,
,,,,,,,,,,,,,,,,,,,,,,,
,,,,,,,,,,,,,,,,,,,,,,,
,,,,,,,,,,,,,,,,,,,,,,,
,,,,,,,,,,,,,,,,,,,,,,,
,,,,,,,,,,,,,,,,,,,,,,,
,,,,,,,,,,,,,,,,,,,,,,,
,,,,,,,,,,,,,,,,,,,,,,,
,,,,,,,,,,,,,,,,,,,,,,,
,,,,,,,,,,,,,,,,,,,,,,,
,,,,,,,,,,,,,,,,,,,,,,,
,,,,,,,,,,,,,,,,,,,,,,,
,,,,,,,,,,,,,,,,,,,,,,,
,,,,,,,,,,,,,,,,,,,,,,,
,,,,,,,,,,,,,,,,,,,,,,,
,,,,,,,,,,,,,,,,,,,,,,,
,,,,,,,,,,,,,,,,,,,,,,,
,,,,,,,,,,,,,,,,,,,,,,,
,,,,,,,,,,,,,,,,,,,,,,,
,,,,,,,,,,,,,,,,,,,,,,,
,,,,,,,,,,,,,,,,,,,,,,,
,,,,,,,,,,,,,,,,,,,,,,,
,,,,,,,,,,,,,,,,,,,,,,,
,,,,,,,,,,,,,,,,,,,,,,,
,,,,,,,,,,,,,,,,,,,,,,,
,,,,,,,,,,,,,,,,,,,,,,,
,,,,,,,,,,,,,,,,,,,,,,,
,,,,,,,,,,,,,,,,,,,,,,,
,,,,,,,,,,,,,,,,,,,,,,,
,,,,,,,,,,,,,,,,,,,,,,,
,,,,,,,,,,,,,,,,,,,,,,,
,,,,,,,,,,,,,,,,,,,,,,,
,,,,,,,,,,,,,,,,,,,,,,,
,,,,,,,,,,,,,,,,,,,,,,,
,,,,,,,,,,,,,,,,,,,,,,,
,,,,,,,,,,,,,,,,,,,,,,,
,,,,,,,,,,,,,,,,,,,,,,,
,,,,,,,,,,,,,,,,,,,,,,,
,,,,,,,,,,,,,,,,,,,,,,,
,,,,,,,,,,,,,,,,,,,,,,,
,,,,,,,,,,,,,,,,,,,,,,,
,,,,,,,,,,,,,,,,,,,,,,,
,,,,,,,,,,,,,,,,,,,,,,,
,,,,,,,,,,,,,,,,,,,,,,,
,,,,,,,,,,,,,,,,,,,,,,,
,,,,,,,,,,,,,,,,,,,,,,,
,,,,,,,,,,,,,,,,,,,,,,,
,,,,,,,,,,,,,,,,,,,,,,,
,,,,,,,,,,,,,,,,,,,,,,,
,,,,,,,,,,,,,,,,,,,,,,,
,,,,,,,,,,,,,,,,,,,,,,,
,,,,,,,,,,,,,,,,,,,,,,,
,,,,,,,,,,,,,,,,,,,,,,,
,,,,,,,,,,,,,,,,,,,,,,,
,,,,,,,,,,,,,,,,,,,,,,,
,,,,,,,,,,,,,,,,,,,,,,,
,,,,,,,,,,,,,,,,,,,,,,,
,,,,,,,,,,,,,,,,,,,,,,,
,,,,,,,,,,,,,,,,,,,,,,,
,,,,,,,,,,,,,,,,,,,,,,,
,,,,,,,,,,,,,,,,,,,,,,,
,,,,,,,,,,,,,,,,,,,,,,,
,,,,,,,,,,,,,,,,,,,,,,,
,,,,,,,,,,,,,,,,,,,,,,,
,,,,,,,,,,,,,,,,,,,,,,,
,,,,,,,,,,,,,,,,,,,,,,,
,,,,,,,,,,,,,,,,,,,,,,,
,,,,,,,,,,,,,,,,,,,,,,,
,,,,,,,,,,,,,,,,,,,,,,,
,,,,,,,,,,,,,,,,,,,,,,,
,,,,,,,,,,,,,,,,,,,,,,,
,,,,,,,,,,,,,,,,,,,,,,,
,,,,,,,,,,,,,,,,,,,,,,,
,,,,,,,,,,,,,,,,,,,,,,,
,,,,,,,,,,,,,,,,,,,,,,,
,,,,,,,,,,,,,,,,,,,,,,,
,,,,,,,,,,,,,,,,,,,,,,,
,,,,,,,,,,,,,,,,,,,,,,,
,,,,,,,,,,,,,,,,,,,,,,,
,,,,,,,,,,,,,,,,,,,,,,,
,,,,,,,,,,,,,,,,,,,,,,,
,,,,,,,,,,,,,,,,,,,,,,,
,,,,,,,,,,,,,,,,,,,,,,,
,,,,,,,,,,,,,,,,,,,,,,,
,,,,,,,,,,,,,,,,,,,,,,,
,,,,,,,,,,,,,,,,,,,,,,,
,,,,,,,,,,,,,,,,,,,,,,,
,,,,,,,,,,,,,,,,,,,,,,,
,,,,,,,,,,,,,,,,,,,,,,,
,,,,,,,,,,,,,,,,,,,,,,,
,,,,,,,,,,,,,,,,,,,,,,,
,,,,,,,,,,,,,,,,,,,,,,,
,,,,,,,,,,,,,,,,,,,,,,,
,,,,,,,,,,,,,,,,,,,,,,,
,,,,,,,,,,,,,,,,,,,,,,,
,,,,,,,,,,,,,,,,,,,,,,,
,,,,,,,,,,,,,,,,,,,,,,,
,,,,,,,,,,,,,,,,,,,,,,,
,,,,,,,,,,,,,,,,,,,,,,,
,,,,,,,,,,,,,,,,,,,,,,,
,,,,,,,,,,,,,,,,,,,,,,,
,,,,,,,,,,,,,,,,,,,,,,,
,,,,,,,,,,,,,,,,,,,,,,,
,,,,,,,,,,,,,,,,,,,,,,,
,,,,,,,,,,,,,,,,,,,,,,,
,,,,,,,,,,,,,,,,,,,,,,,
,,,,,,,,,,,,,,,,,,,,,,,
,,,,,,,,,,,,,,,,,,,,,,,
,,,,,,,,,,,,,,,,,,,,,,,
,,,,,,,,,,,,,,,,,,,,,,,
,,,,,,,,,,,,,,,,,,,,,,,
,,,,,,,,,,,,,,,,,,,,,,,
,,,,,,,,,,,,,,,,,,,,,,,
,,,,,,,,,,,,,,,,,,,,,,,
,,,,,,,,,,,,,,,,,,,,,,,
,,,,,,,,,,,,,,,,,,,,,,,
,,,,,,,,,,,,,,,,,,,,,,,
,,,,,,,,,,,,,,,,,,,,,,,
,,,,,,,,,,,,,,,,,,,,,,,
,,,,,,,,,,,,,,,,,,,,,,,
,,,,,,,,,,,,,,,,,,,,,,,
,,,,,,,,,,,,,,,,,,,,,,,
,,,,,,,,,,,,,,,,,,,,,,,
,,,,,,,,,,,,,,,,,,,,,,,
,,,,,,,,,,,,,,,,,,,,,,,
,,,,,,,,,,,,,,,,,,,,,,,
,,,,,,,,,,,,,,,,,,,,,,,
,,,,,,,,,,,,,,,,,,,,,,,
,,,,,,,,,,,,,,,,,,,,,,,
,,,,,,,,,,,,,,,,,,,,,,,
,,,,,,,,,,,,,,,,,,,,,,,
,,,,,,,,,,,,,,,,,,,,,,,
,,,,,,,,,,,,,,,,,,,,,,,
,,,,,,,,,,,,,,,,,,,,,,,
,,,,,,,,,,,,,,,,,,,,,,,
,,,,,,,,,,,,,,,,,,,,,,,
,,,,,,,,,,,,,,,,,,,,,,,
,,,,,,,,,,,,,,,,,,,,,,,
,,,,,,,,,,,,,,,,,,,,,,,
,,,,,,,,,,,,,,,,,,,,,,,
,,,,,,,,,,,,,,,,,,,,,,,
,,,,,,,,,,,,,,,,,,,,,,,
,,,,,,,,,,,,,,,,,,,,,,,
,,,,,,,,,,,,,,,,,,,,,,,
,,,,,,,,,,,,,,,,,,,,,,,
,,,,,,,,,,,,,,,,,,,,,,,
,,,,,,,,,,,,,,,,,,,,,,,
,,,,,,,,,,,,,,,,,,,,,,,
,,,,,,,,,,,,,,,,,,,,,,,
,,,,,,,,,,,,,,,,,,,,,,,
,,,,,,,,,,,,,,,,,,,,,,,
,,,,,,,,,,,,,,,,,,,,,,,
,,,,,,,,,,,,,,,,,,,,,,,
,,,,,,,,,,,,,,,,,,,,,,,
,,,,,,,,,,,,,,,,,,,,,,,
,,,,,,,,,,,,,,,,,,,,,,,
,,,,,,,,,,,,,,,,,,,,,,,
,,,,,,,,,,,,,,,,,,,,,,,
,,,,,,,,,,,,,,,,,,,,,,,
,,,,,,,,,,,,,,,,,,,,,,,
,,,,,,,,,,,,,,,,,,,,,,,
,,,,,,,,,,,,,,,,,,,,,,,
,,,,,,,,,,,,,,,,,,,,,,,
,,,,,,,,,,,,,,,,,,,,,,,
,,,,,,,,,,,,,,,,,,,,,,,
,,,,,,,,,,,,,,,,,,,,,,,
,,,,,,,,,,,,,,,,,,,,,,,
,,,,,,,,,,,,,,,,,,,,,,,
,,,,,,,,,,,,,,,,,,,,,,,
,,,,,,,,,,,,,,,,,,,,,,,
,,,,,,,,,,,,,,,,,,,,,,,
,,,,,,,,,,,,,,,,,,,,,,,
,,,,,,,,,,,,,,,,,,,,,,,
,,,,,,,,,,,,,,,,,,,,,,,
,,,,,,,,,,,,,,,,,,,,,,,
,,,,,,,,,,,,,,,,,,,,,,,
,,,,,,,,,,,,,,,,,,,,,,,
,,,,,,,,,,,,,,,,,,,,,,,
,,,,,,,,,,,,,,,,,,,,,,,
,,,,,,,,,,,,,,,,,,,,,,,
,,,,,,,,,,,,,,,,,,,,,,,
